title,url,category,technologies,english,experience
"Backend Developer (Poland)
          

          

          
  
      до $7000",https://djinni.co/jobs/490689-backend-developer-poland-/,Python,"['Backend development', 'back-end', 'backend', 'middle developer', 'Python']",Upper-Intermediate,3
Senior Python Backend Engineer,https://djinni.co/jobs/290221-senior-python-backend-engineer/,Python,"['Python', 'SW design', 'Kubernetes', 'Docker', 'Microservices', 'CI', 'CD', 'AWS']",Intermediate,5
Middle/Senior Python Developer,https://djinni.co/jobs/490648-middle-senior-python-developer/,Python,,Upper-Intermediate,3
"Middle Full-Stack Developer (for Ukrainian Catholic University)
          

          

          
  
      до $1500",https://djinni.co/jobs/490612-middle-full-stack-developer-for-ukrainian-cat/,Python,"['Python', 'Django', 'edX', 'JavaScript']",Intermediate,1
"Senior AI Engineer
          

          

          
  
    
      $6500",https://djinni.co/jobs/490607-senior-ai-engineer/,Python,['AI'],Upper-Intermediate,5
Full Stack Developer,https://djinni.co/jobs/490604-full-stack-developer/,Python,"['Python', 'JavaScript', 'NodeJS', 'React', 'React.js']",Intermediate,5
Python Dev,https://djinni.co/jobs/416316-python-dev/,Python,"['Python', 'Django']",,3
Senior/Lead Python Developer (Poland - Krakow),https://djinni.co/jobs/490602-senior-lead-python-developer-poland-krakow-/,Python,"['Python', 'Django', 'Python', 'Python3', 'GCP', 'GCP', 'AWS']",Upper-Intermediate,5
"Smart Contract Developer (Python)
          

          

          
  
    
      $3500-4500",https://djinni.co/jobs/490575-smart-contract-developer-python-/,Python,"['Python', 'Django', 'Blockchain', 'Blockchain and Cryptocurrency']",Upper-Intermediate,3
"Python Engineer + relocation to Europe
          

          

          
  
    
      $3500-6000",https://djinni.co/jobs/490520-python-engineer-relocation-to-europe/,Python,"['Algorithms and Data Structures', 'Multithreading', 'Concurrency']",Upper-Intermediate,5
Senior Perl Developer,https://djinni.co/jobs/490501-senior-perl-developer/,Python,"['Perl', 'Python', 'SQL']",Upper-Intermediate,5
CyVers - Senior Back End Engineer (Python),https://djinni.co/jobs/490488-cyvers-senior-back-end-engineer-python-/,Python,['Python'],Intermediate,3
CyVers - Middle Back End Engineer (Python),https://djinni.co/jobs/490485-cyvers-middle-back-end-engineer-python-/,Python,['Python'],Intermediate,3
Senior Software Engineer (Python),https://djinni.co/jobs/490462-senior-software-engineer-python-/,Python,,Intermediate,5
Middle Fullstack (Python+React.js) Developer,https://djinni.co/jobs/490451-middle-fullstack-python-react-js-developer/,Python,"['Python', 'React', 'Redis', 'Docker']",Intermediate,2
"Full-Stack (Python/Javascript) Engineer
          

          

          
  
    
      $8000",https://djinni.co/jobs/490000-full-stack-python-javascript-engineer/,Python,"['Full Stack', 'Python', 'React', 'AWS']",Upper-Intermediate,5
Python Developer - Middle / Senior - France,https://djinni.co/jobs/85261-python-developer-middle-senior-france/,Python,"['Python', 'Django']",Intermediate,3
Middle Python Developer,https://djinni.co/jobs/489877-middle-python-developer/,Python,"['Python', 'AWS', 'Postgre SQL', 'MySQL', 'PostgreSQL', 'Django', 'REST API', 'GIT']",Upper-Intermediate,3
Technical Lead Java/Python,https://djinni.co/jobs/489847-technical-lead-java-python/,Python,"['Python', 'Java', 'ActiveVian', 'Cloud solutions', 'BigData architecture']",Advanced/Fluent,5
Python Developer,https://djinni.co/jobs/489845-python-developer/,Python,,Intermediate,3
"Middle/Senior Python Developer
          

          

          
  
    
      $3000-6000",https://djinni.co/jobs/489781-middle-senior-python-developer/,Python,,Intermediate,3
Senior/Lead Python Engineer for US Medical Product,https://djinni.co/jobs/489724-senior-lead-python-engineer-for-us-medical-pr/,Python,"['Python', 'Django', 'AWS']",Intermediate,5
Python Engineer,https://djinni.co/jobs/259472-python-engineer/,Python,"['Python', 'AWS Lambda', 'AWS']",Intermediate,3
Technical Lead Java/Python,https://djinni.co/jobs/489708-technical-lead-java-python/,Python,"['Java', 'Python', 'ActiveViam', 'Cloud solutions', 'BigData architecture']",Advanced/Fluent,5
Middle/Middle+ Python developer (Romania only),https://djinni.co/jobs/489659-middle-middle-python-developer-romania-only-/,Python,"['Python', 'Django', 'Romania']",Upper-Intermediate,2
"Python Developer
          

          

          
  
    
      $4000-6000",https://djinni.co/jobs/489642-python-developer/,Python,['Python'],Intermediate,3
Python Developer,https://djinni.co/jobs/408292-python-developer/,Python,,Intermediate,3
Middle/Senior Python Engineer (product),https://djinni.co/jobs/489578-middle-senior-python-engineer-product-/,Python,"['Python', 'Django']",Upper-Intermediate,2
"Senior Python Engineer, Tech Lead",https://djinni.co/jobs/464284-senior-python-engineer-tech-lead/,Python,,,5
Senior Python Engineer,https://djinni.co/jobs/489528-senior-python-engineer/,Python,['Python'],Upper-Intermediate,3
Python/Django backend developer,https://djinni.co/jobs/178782-python-django-backend-developer/,Python,"['Python', 'Django']",Intermediate,1
Middle Python Back-end Developer,https://djinni.co/jobs/489358-middle-python-back-end-developer/,Python,"['Python', 'Docker Compose', 'DRF']",Intermediate,3
Python Technical Lead,https://djinni.co/jobs/464144-python-technical-lead/,Python,"['Python', 'Technical Leadership', 'leadership', 'Flask']",Upper-Intermediate,5
"Senior Python Developer, Financial Software Solutions",https://djinni.co/jobs/489350-senior-python-developer-financial-software-so/,Python,['Python'],Intermediate,3
Python Team Lead,https://djinni.co/jobs/489349-python-team-lead/,Python,"['Python', 'SQL', 'AWS']",Intermediate,5
Strong Middle Python Developer (AWS),https://djinni.co/jobs/475714-strong-middle-python-developer-aws-/,Python,"['Python', 'SQL', 'AWS']",Intermediate,3
Middle Python Developer,https://djinni.co/jobs/489295-middle-python-developer/,Python,"['Python', 'Django']",Upper-Intermediate,2
Python developer,https://djinni.co/jobs/489172-python-developer/,Python,"['Python', 'sql', 'postgresql']",,3
"Python Developer for a big delivery company Bringg
          

          

          
  
      до $6000",https://djinni.co/jobs/489170-python-developer-for-a-big-delivery-company-b/,Python,"['Python', 'Python3', 'PostgreSQL', 'REST API']",Upper-Intermediate,3
"Str.Middle/Senior Python Developer 2037/03
          

          

          
  
      до $5500",https://djinni.co/jobs/489155-str-middle-senior-python-developer-2037-03/,Python,"['MySQL', 'Pyramid', 'Python']",Beginner/Elementary,3
Senior Python Developer with Spark and SQL,https://djinni.co/jobs/489123-senior-python-developer-with-spark-and-sql/,Python,"['Python', 'Spark', 'SQL', 'Kafka', 'Hadoop']",Intermediate,5
Python Developer,https://djinni.co/jobs/489108-python-developer/,Python,"['Python', 'Django', 'FastAPI', 'asyncio', 'aiohttp', 'CI', 'CD', 'Docker', 'Docker Compose', 'CouchDB']",Pre-Intermediate,3
Senior/Lead Python Developer (Krakow),https://djinni.co/jobs/489107-senior-lead-python-developer-krakow-/,Python,"['Python', 'GCP', 'Python3']",Upper-Intermediate,5
Python Developer,https://djinni.co/jobs/469731-python-developer/,Python,"['Python', 'Django', 'MySQL', 'PostgreSQL', 'MondoDB']",Intermediate,1
Middle/Senior Backend Python Developer,https://djinni.co/jobs/471240-middle-senior-backend-python-developer/,Python,"['Python', 'Django', 'Redis', 'MySQL', 'API']",Intermediate,3
Senior Python Software Developer,https://djinni.co/jobs/470575-senior-python-software-developer/,Python,"['Python', 'AWS', 'SQL', 'NoSQL', 'Blockchain', 'Microservices', 'Terraform', 'K8s']",Intermediate,5
Python Developer,https://djinni.co/jobs/484236-python-developer/,Python,"['Python', 'back-end', 'Java', 'Google Cloud Platform', 'CI', 'CD', 'NoSQL', 'RESTful API']",Pre-Intermediate,3
Python Developer,https://djinni.co/jobs/484207-python-developer/,Python,"['Python', 'Backend development', 'junior', 'lutsk', 'Django']",Intermediate,1
High Scale python developer,https://djinni.co/jobs/340777-high-scale-python-developer/,Python,"['Django', 'Django Rest Framework', 'GoLang', 'Go', 'Celery', 'MySQL', 'Postgres', 'Google BigQuery', 'GCP']",,2
Python Developer,https://djinni.co/jobs/470829-python-developer/,Python,"['Python', 'GraphQL', 'NoSQL', 'Gitlab CI', 'AWS']",Intermediate,3
Middle/Senior Python Developer,https://djinni.co/jobs/484162-middle-senior-python-developer/,Python,,Intermediate,3
Senior Software Engineer (Python),https://djinni.co/jobs/470570-senior-software-engineer-python-/,Python,"['Python', 'Blockchain', 'AWS', 'Microservices', 'SQL', 'NoSQL', 'architecture', 'K8s']",Intermediate,5
Senior QA Automation Engineer,https://djinni.co/jobs/431783-senior-qa-automation-engineer/,Python,"['Python', 'Linux', 'L2', 'L3 networking', 'QA', 'Automated Testing', 'Networking']",Intermediate,5
QA Automation Engineer,https://djinni.co/jobs/484144-qa-automation-engineer/,Python,"['Automated Testing', 'Automation QA', 'Python', 'Linux', 'Networking']",Upper-Intermediate,2
Full-stack React + Python Developer,https://djinni.co/jobs/484110-full-stack-react-python-developer/,Python,"['Typescript', 'JavaScript', 'React', 'Python', 'RESTful APIs', 'Docker', 'SQL and NoSQL']",Upper-Intermediate,3
Middle Python Developer,https://djinni.co/jobs/484074-middle-python-developer/,Python,['Python'],Upper-Intermediate,3
Python Developer,https://djinni.co/jobs/484066-python-developer/,Python,"['Python', 'Backend development']",Intermediate,2
Senior Python Backend Developer For Crypto Startup,https://djinni.co/jobs/484006-senior-python-backend-developer-for-crypto-st/,Python,"['Python', 'AWS', 'Blockchain', 'Solidity']",Intermediate,5
Python (NodeJS) full stack engineer,https://djinni.co/jobs/483973-python-nodejs-full-stack-engineer/,Python,"['Python', 'Node JS', 'React', 'Angular', 'Vue', 'Cloud', 'IaC']",Intermediate,5
"Python developer
          

          

          
  
    
      $1000-3500",https://djinni.co/jobs/483907-python-developer/,Python,"['Python', 'embedded']",,2
Lead/Senior Software Engineer,https://djinni.co/jobs/486806-lead-senior-software-engineer/,Python,"['Big Data', 'Machine Learning', 'Python', 'C', 'C++']",Upper-Intermediate,5
"Python Developer (Django)
          

          

          
  
    
      $3000-5500",https://djinni.co/jobs/345281-python-developer-django-/,Python,"['Django', 'Rabbit MQ', 'Docker', 'Kubernetes', 'Python', 'AWS', 'PostgreSQL']",Upper-Intermediate,3
Lead Python Engineer,https://djinni.co/jobs/486792-lead-python-engineer/,Python,"['Python3', 'Asyncronous Programming', 'Team leading', 'Technical Leadership', 'FastAPI']",Intermediate,5
Python Developer,https://djinni.co/jobs/409427-python-developer/,Python,,Intermediate,2
Senior/Lead Python Engineer IRC162159,https://djinni.co/jobs/438757-senior-lead-python-engineer-irc162159/,Python,['Python'],Intermediate,5
"Python Developer (Poland)
          

          

          
  
    
      $3000-5500",https://djinni.co/jobs/321578-python-developer-poland-/,Python,"['Python', 'Django']",Intermediate,2
Middle Fullstack (Python+React.js) Developer,https://djinni.co/jobs/486763-middle-fullstack-python-react-js-developer/,Python,"['Python', 'React', 'Redis', 'Docker']",Intermediate,2
Senior Python Software Engineer,https://djinni.co/jobs/486747-senior-python-software-engineer/,Python,"['Python', 'FastAPI', 'Docker', 'AWS', 'MongoDB', 'ElasticSearch', 'Kafka']",Upper-Intermediate,5
Python Developer,https://djinni.co/jobs/486724-python-developer/,Python,['AWS services'],Upper-Intermediate,3
"Middle/Senior Data Engineer (Prom.ua)
          

          

          
  
      до $5000",https://djinni.co/jobs/448841-middle-senior-data-engineer-prom-ua-/,Python,,,5
Senior Software Engineer (Python expertise),https://djinni.co/jobs/429442-senior-software-engineer-python-expertise-/,Python,"['Python', 'C#', 'JavaScript', 'NodeJS']",Upper-Intermediate,5
Senior Python Engineer,https://djinni.co/jobs/486683-senior-python-engineer/,Python,"['Python', 'JavaScript']",Advanced/Fluent,3
"Backend Team Lead (Aachen, Germany)",https://djinni.co/jobs/486678-backend-team-lead-aachen-germany-/,Python,,Upper-Intermediate,5
Senior Python Engineer,https://djinni.co/jobs/486677-senior-python-engineer/,Python,,Upper-Intermediate,3
Технічний керівник / Python Tech Lead / Senior Python Developer (ENESTECH Software),https://djinni.co/jobs/486602-tekhnichnii-kerivnik-python-tech-lead-senior-/,Python,"['Technical Leadership', 'Python', 'Django REST Framework', 'Django', 'Backend development', 'Frontend + Backend', 'REST API']",Intermediate,5
Senіоr Sоftwаre Engіneer (Pythоn),https://djinni.co/jobs/459046-senior-software-engineer-python-/,Python,,Intermediate,5
"Middle Python Developer (crypto)
          

          

          
  
      до $5000",https://djinni.co/jobs/484763-middle-python-developer-crypto-/,Python,,,2
Middle Python Developer,https://djinni.co/jobs/328481-middle-python-developer/,Python,"['Python', 'Python+pytest+Selenium WebDriver', 'Python3', 'python developer']",,1
Middle Python Developer in Test (Malevich),https://djinni.co/jobs/471077-middle-python-developer-in-test-malevich-/,Python,"['Pytest', 'Python', 'aQA', 'Unit Test']",,2
"Python developer
          

          

          
  
    
      $2000-3000",https://djinni.co/jobs/464106-python-developer/,Python,['Python developer'],Pre-Intermediate,2
Python Developer (Senior),https://djinni.co/jobs/356110-python-developer-senior-/,Python,"['Python', 'Django', 'OOP']",Upper-Intermediate,3
Python/Django Backend Developer / Comeet,https://djinni.co/jobs/471109-python-django-backend-developer-comeet/,Python,"['Django', 'Python', 'Django']",Intermediate,3
Senior/Tech Lead Python Backend Developer / DeviceTotal,https://djinni.co/jobs/471732-senior-tech-lead-python-backend-developer-dev/,Python,['Python'],Upper-Intermediate,3
Middle/Senior Fullstack Engineer,https://djinni.co/jobs/484690-middle-senior-fullstack-engineer/,Python,"['Python', 'Flask', 'MySQL', 'PostgreSQL', 'React', 'JavaScript', 'JQuery', 'HTML & CSS']",Upper-Intermediate,3
"Junior/Middle full stack developer (Python + Vue.JS)
          

          

          
  
    
      $500-1500",https://djinni.co/jobs/415187-junior-middle-full-stack-developer-python-vue/,Python,"['Django', 'Python', 'Vue', 'Full Stack', 'Full-stack']",Intermediate,1
Junior Python/Full Stack Developer,https://djinni.co/jobs/484288-junior-python-full-stack-developer/,Python,"['Python', 'Full-stack Web Development', 'Django', 'JavaScript', 'Backend development']",Upper-Intermediate,0
"Middle Python Software Engineer (Prom.ua)
          

          

          
  
      до $3500",https://djinni.co/jobs/437957-middle-python-software-engineer-prom-ua-/,Python,,,2
"Middle Python Developer
          

          

          
  
    
      $3000-5000",https://djinni.co/jobs/445500-middle-python-developer/,Python,"['AWS', 'ETL']",Intermediate,3
"Solution Architect (Python)
          

          

          
  
      від $8000",https://djinni.co/jobs/484465-solution-architect-python-/,Python,['Python'],Intermediate,5
"Python Developer
          

          

          
  
    
      $2500-4000",https://djinni.co/jobs/484424-python-developer/,Python,"['Python', 'DRF', 'Django Rest Framework', 'AWS', 'Microservice architecture']",Intermediate,3
Middle Python Developer,https://djinni.co/jobs/463004-middle-python-developer/,Python,"['Python scripting', 'Python', 'web scraping']",Intermediate,2
"Full Stack Engineer (Linköping, Sweden)",https://djinni.co/jobs/436781-full-stack-engineer-linkoping-sweden-/,Python,"['Full Stack', 'Python', 'HTML', 'CSS', 'JavaScript', 'TypeScript']",Upper-Intermediate,2
"Software Testing/Verification Engineer (Python, Linux)",https://djinni.co/jobs/458057-software-testing-verification-engineer-python/,Python,"['Python', 'Linux virtualization', 'Jenkins CI', 'Bash', 'Docker', 'Kubernetes', 'Networking']",Upper-Intermediate,3
Senior Python Developer,https://djinni.co/jobs/256920-senior-python-developer/,Python,"['Python', 'Pandas', 'Machine Learning']",Upper-Intermediate,3
System integration engineer (Python),https://djinni.co/jobs/474809-system-integration-engineer-python-/,Python,"['Python', 'Docker', 'Prometheus', 'API']",Intermediate,3
Senior full stack python engineer,https://djinni.co/jobs/487503-senior-full-stack-python-engineer/,Python,"['Python .Core', 'JavaScript', 'Go Language', 'TypeScript']",Upper-Intermediate,3
Senior python software engineer,https://djinni.co/jobs/487502-senior-python-software-engineer/,Python,"['Python core', 'Cloud.AWS', 'REST API', 'Amazon API Gateway skills']",Upper-Intermediate,3
"Python Engineer with DevOps
          

          

          
  
    
      $5000-7000",https://djinni.co/jobs/475797-python-engineer-with-devops/,Python,"['Python', 'AWS']",Upper-Intermediate,3
Python Developer,https://djinni.co/jobs/475447-python-developer/,Python,['Python'],Upper-Intermediate,2
Senior/Middle Python Developer (web),https://djinni.co/jobs/487496-senior-middle-python-developer-web-/,Python,"['Python', 'Serverless', 'AWS']",Pre-Intermediate,3
Senior Python (AWS) Engineer,https://djinni.co/jobs/475418-senior-python-aws-engineer/,Python,"['Python', 'AWS', 'AWS Serverless Lambda', 'Docker', 'IaC', 'Knowledge of SQL']",Upper-Intermediate,5
"Senior Python Engineer, Ukraine",https://djinni.co/jobs/487483-senior-python-engineer-ukraine/,Python,"['Python', 'JavaScript', 'Linux', 'SDLC']",Upper-Intermediate,3
"Python developer (IST)
          

          

          
  
    
      $2500-5000",https://djinni.co/jobs/487466-python-developer-ist-/,Python,"['Python', 'DevOps', 'PostgreSQL', 'Django', 'REST', 'DRF', 'Celery']",Pre-Intermediate,3
API Developer (Located in EU),https://djinni.co/jobs/474518-api-developer-located-in-eu-/,Python,"['Linux', 'REST API']",Upper-Intermediate,5
Senior Python Engineer,https://djinni.co/jobs/487433-senior-python-engineer/,Python,"['Python', 'Linux', 'Java Script', 'SDLC']",Upper-Intermediate,3
"Python Developer
          

          

          
  
      до $6000",https://djinni.co/jobs/489032-python-developer/,Python,"['Python', 'RESTful API']",Upper-Intermediate,2
"Lead Software Engineer – Python/Azure
          

          

          
  
    
      $4500-6400",https://djinni.co/jobs/488604-lead-software-engineer-python-azure/,Python,"['Leadership & Team management', 'Python', 'DevOps', 'CI', 'CD', 'Azure']",Upper-Intermediate,5
Senior QA Automation Engineer,https://djinni.co/jobs/488996-senior-qa-automation-engineer/,Python,"['Linux', 'Embedded', 'Automated Testing', 'Python', 'Automation QA', 'QA', 'Networking']",Upper-Intermediate,5
Lead Python Engineer,https://djinni.co/jobs/488990-lead-python-engineer/,Python,"['Python', 'AWS', 'Boto3', 'Django', 'My SQL']",Upper-Intermediate,5
ML Platform Engineer,https://djinni.co/jobs/465894-ml-platform-engineer/,Python,"['Machine Learning', 'AWS', 'Python']",Intermediate,5
Senior/Tech Lead Python Engineer,https://djinni.co/jobs/373911-senior-tech-lead-python-engineer/,Python,"['Python', 'Apache Spark', 'Airflow']",Upper-Intermediate,5
Senior Python Software Engineer,https://djinni.co/jobs/488803-senior-python-software-engineer/,Python,"['Python', 'AWS']",Upper-Intermediate,3
"Middle/Senior Python Developer (Poland)
          

          

          
  
    
      $3500-7500",https://djinni.co/jobs/488957-middle-senior-python-developer-poland-/,Python,,Upper-Intermediate,3
"Software Engineer
          

          

          
  
    
      $4500-5700",https://djinni.co/jobs/476060-software-engineer/,Python,"['Python', 'Software Engineer', 'Computer Science', 'Jenkins', 'AWS', 'DevOps', 'Linux']",Upper-Intermediate,5
Back-End Software Engineer (Python),https://djinni.co/jobs/488912-back-end-software-engineer-python-/,Python,"['Azure', 'Python', 'Flask']",Upper-Intermediate,3
"FullStack Developer, Insurance Services",https://djinni.co/jobs/488900-fullstack-developer-insurance-services/,Python,"['Python', 'JavaScript', 'JavaScript', 'NodeJS', 'Node.js']",Intermediate,3
"Python Developer (Czech Republic)
          

          

          
  
    
      $6500-7500",https://djinni.co/jobs/488796-python-developer-czech-republic-/,Python,"['Python', 'Django REST Framework', 'Django', 'algorithms', 'Algorithms and Data Structures', 'Security']",Upper-Intermediate,5
Fullstack (Python+React.js) Developer,https://djinni.co/jobs/488789-fullstack-python-react-js-developer/,Python,"['Python', 'React', 'Full-stack Web Development']",Intermediate,3
Python Developer,https://djinni.co/jobs/446111-python-developer/,Python,"['Djagno', 'Django REST Framework', 'Flask', 'Python']",Intermediate,0
Python/Data Modelling Developer - Poland or Relocation to Poland,https://djinni.co/jobs/488752-python-data-modelling-developer-poland-or-rel/,Python,['Python'],Advanced/Fluent,3
Machine Learning Engineer,https://djinni.co/jobs/460591-machine-learning-engineer/,Python,,Intermediate,3
"Python/Django Developer
          

          

          
  
    
      $1500-2500",https://djinni.co/jobs/442594-python-django-developer/,Python,"['Python', 'Django', 'Django REST Framework', 'Elasctisearch', 'Design Patterns', 'SOLID', 'OOP', 'SQL', 'SQLite', 'MySQL', 'PostgreSQL', 'SQLAlchemy']",Beginner/Elementary,3
"Python Developer with JavaScript Experience, Cloud Service Business Solutions",https://djinni.co/jobs/486384-python-developer-with-javascript-experience-c/,Python,,Intermediate,3
"Senior Python Developer, Financial Software Solutions",https://djinni.co/jobs/486385-senior-python-developer-financial-software-so/,Python,,Intermediate,5
Головний розробник Python/Senior Python developer,https://djinni.co/jobs/486354-golovnii-rozrobnik-python-senior-python-devel/,Python,"['Python', 'JavaScript', 'Linux', 'SDLC']",Upper-Intermediate,3
Senior Python Developer,https://djinni.co/jobs/486352-senior-python-developer/,Python,"['asyncio', 'Postgre SQL']",Intermediate,3
Middle/Senior Full-Stack Engineer,https://djinni.co/jobs/486345-middle-senior-full-stack-engineer/,Python,"['Python', 'React', 'Full Stack']",Intermediate,3
Python Developer,https://djinni.co/jobs/486337-python-developer/,Python,"['AWS', 'AWS Lambda', 'Python', 'Terraform']",Upper-Intermediate,2
Middle Python Developer,https://djinni.co/jobs/486313-middle-python-developer/,Python,"['Python', 'Basic SQL', 'AWS']",Intermediate,1
Senior Python Engineer,https://djinni.co/jobs/486276-senior-python-engineer/,Python,"['Python', 'Kubernetes', 'Docker', 'Terraform']",Upper-Intermediate,3
Middle Python Developer,https://djinni.co/jobs/486262-middle-python-developer/,Python,,Intermediate,2
Python developer,https://djinni.co/jobs/486245-python-developer/,Python,['Python'],,3
Senior Python Engineer,https://djinni.co/jobs/486197-senior-python-engineer/,Python,['Python'],Intermediate,5
Senior Python Developer,https://djinni.co/jobs/486194-senior-python-developer/,Python,,Upper-Intermediate,5
Senior Python Engineer,https://djinni.co/jobs/486191-senior-python-engineer/,Python,,Upper-Intermediate,5
Python Engineer (FashionTech),https://djinni.co/jobs/485780-python-engineer-fashiontech-/,Python,"['Python', 'AWS', 'Azure', 'Backend development']",Upper-Intermediate,3
Full Stack Developer (Biotechnology Research),https://djinni.co/jobs/485762-full-stack-developer-biotechnology-research-/,Python,"['Python', 'Flask', 'TypeScript', 'Vue', 'AWS']",Upper-Intermediate,5
Senior Python Developer,https://djinni.co/jobs/472909-senior-python-developer/,Python,"['Python', 'Django', 'Flask', 'Pandas', 'MySQL', 'Mongo DB', 'Cassandra', 'InfluxDB']",Upper-Intermediate,5
Team Lead Python Dev,https://djinni.co/jobs/431967-team-lead-python-dev/,Python,"['Google BigQuery', 'Django']",Intermediate,3
"Senior Backend Engineer
          

          

          
  
    
      $3000-5500",https://djinni.co/jobs/485706-senior-backend-engineer/,Python,['Python'],Upper-Intermediate,3
"Senior Python Developer
          

          

          
  
    
      $4000-6000",https://djinni.co/jobs/485701-senior-python-developer/,Python,['Python'],Upper-Intermediate,3
Python Lead for US Fintech company,https://djinni.co/jobs/485688-python-lead-for-us-fintech-company/,Python,"['Python', 'Django', 'RESTful APIs', 'JavaScript', 'AWS']",Upper-Intermediate,5
"Python-розробник
          

          

          
  
    
      $1500-2500",https://djinni.co/jobs/471358-python-rozrobnik/,Python,"['Python3', 'Django', 'MySQL', 'PostgreSQL']",,2
"Senior Python Developer, Financial Software Solutions",https://djinni.co/jobs/485636-senior-python-developer-financial-software-so/,Python,"['Apache Airflow', 'MongoDB', 'Python', 'JavaScript']",Intermediate,5
Backend Developer (Django),https://djinni.co/jobs/485635-backend-developer-django-/,Python,"['Python', 'Django']",Intermediate,3
Solidity/Blockchain expert,https://djinni.co/jobs/485615-solidity-blockchain-expert/,Python,"['Solidity', 'Blockchain', 'Security']",Upper-Intermediate,3
"Python AsyncIO + PostgreSQL developer
          

          

          
  
    
      $2998-3500",https://djinni.co/jobs/250170-python-asyncio-postgresql-developer/,Python,"['Python', 'asyncio', 'PostgreSQL', 'Docker', 'HTML', 'CSS', 'ClickHouse']",Intermediate,1
Senior/Lead Python Developer,https://djinni.co/jobs/460152-senior-lead-python-developer/,Python,"['Python', 'Django', 'Python', 'Flask', 'SQL', 'NoSQL', 'FastAPI']",Upper-Intermediate,5
Python Engineer,https://djinni.co/jobs/485415-python-engineer/,Python,,Upper-Intermediate,2
Regular Python Engineer,https://djinni.co/jobs/485382-regular-python-engineer/,Python,,Upper-Intermediate,2
Middle/Senior Python Developer,https://djinni.co/jobs/481758-middle-senior-python-developer/,Python,,Upper-Intermediate,3
Python developer,https://djinni.co/jobs/481750-python-developer/,Python,"['CI', 'CD', 'AI', 'ML', 'C', 'C++', 'CPUs', 'Python']",Upper-Intermediate,2
"Python Developer
          

          

          
  
    
      $1000-2500",https://djinni.co/jobs/481727-python-developer/,Python,"['Python', 'REST API', 'API', 'Redis', 'Docker', 'Linux', 'Django']",Intermediate,1
Middle/Senior QA Automation Python,https://djinni.co/jobs/468336-middle-senior-qa-automation-python/,Python,"['Python', 'Docker', 'Bitbucket', 'MongoDB', 'Cassandra', 'Selenium', 'Selenide']",Upper-Intermediate,2
Senior Python developer,https://djinni.co/jobs/481666-senior-python-developer/,Python,,Intermediate,3
Senior Python Engineer,https://djinni.co/jobs/481664-senior-python-engineer/,Python,,Upper-Intermediate,3
Senior Python Developer,https://djinni.co/jobs/481600-senior-python-developer/,Python,"['Kafka', 'Docker', 'Kubernetes', 'Python', 'PostgreSQL', 'Redis']",Intermediate,5
Middle Python/Django developer IRC166105,https://djinni.co/jobs/481458-middle-python-django-developer-irc166105/,Python,"['Django', 'JSON', 'MariaDB', 'PostgreSQL', 'REST']",Intermediate,2
"Middle/Senior Python Developer
          

          

          
  
    
      $3000-5000",https://djinni.co/jobs/402198-middle-senior-python-developer/,Python,"['Python', 'Django', 'Flask']",Upper-Intermediate,3
Middle/Senior Python Developer,https://djinni.co/jobs/481459-middle-senior-python-developer/,Python,['Python'],Upper-Intermediate,3
"Senior Full-stack developer (Python/React)
          

          

          
  
    
      $5000-6000",https://djinni.co/jobs/481447-senior-full-stack-developer-python-react-/,Python,"['Python', 'React', 'Full Stack']",Upper-Intermediate,5
"Middle/Senior Python Developer
          

          

          
  
    
      $3000-5000",https://djinni.co/jobs/481342-middle-senior-python-developer/,Python,['FastAPI'],Beginner/Elementary,2
Lead Python Engineer,https://djinni.co/jobs/481306-lead-python-engineer/,Python,"['Saas', 'Python', 'Team Lead', 'enterprise', 'SQL', 'No-SQL', 'fullstack']",Upper-Intermediate,5
Python Engineer,https://djinni.co/jobs/481290-python-engineer/,Python,,Advanced/Fluent,3
Senior Python Engineer,https://djinni.co/jobs/481279-senior-python-engineer/,Python,,Upper-Intermediate,3
Python Developer,https://djinni.co/jobs/480790-python-developer/,Python,,Upper-Intermediate,5
Senior Python Developer IRC167857,https://djinni.co/jobs/480780-senior-python-developer-irc167857/,Python,['Python'],Intermediate,3
Senior Software Engineer (Python),https://djinni.co/jobs/221713-senior-software-engineer-python-/,Python,,Intermediate,5
"Python Tech Lead / Senior Python Developer
          

          

          
  
    
      $7000-11000",https://djinni.co/jobs/480636-python-tech-lead-senior-python-developer/,Python,"['Python', 'AWS', 'Leadership & Team management', 'Full Stack', 'back-end', 'REST API']",Pre-Intermediate,2
Python Developer (middle),https://djinni.co/jobs/480610-python-developer-middle-/,Python,,Beginner/Elementary,1
Senior Python Engineer,https://djinni.co/jobs/480591-senior-python-engineer/,Python,,Intermediate,3
Middle/Senior Python Developer,https://djinni.co/jobs/480523-middle-senior-python-developer/,Python,"['Python', 'AWS', 'Postgre SQL', 'Django']",Upper-Intermediate,3
Lead Python Engineer,https://djinni.co/jobs/480507-lead-python-engineer/,Python,"['Big Data', 'Flask', 'Postgre SQL', 'Azure', 'Microservices']",Intermediate,5
DeFi Solutions Developer,https://djinni.co/jobs/464568-defi-solutions-developer/,Python,"['JavaScript', 'Python', 'Solidity', 'smart contracts']",Advanced/Fluent,2
Team/Tech Lead Backend Engineer,https://djinni.co/jobs/480484-team-tech-lead-backend-engineer/,Python,,Upper-Intermediate,5
Senior Python Developer- relocation to Poland,https://djinni.co/jobs/467162-senior-python-developer-relocation-to-poland/,Python,,Intermediate,3
"Tech Lead Python
          

          

          
  
    
      $7500-10000",https://djinni.co/jobs/480450-tech-lead-python/,Python,"['Python (Flask or Django)', 'REST', 'AWS', 'PostgreSQL', 'Timeseries Db']",Advanced/Fluent,5
"Middle+ Python Developer 2010/01
          

          

          
  
    
      $3000-4000",https://djinni.co/jobs/480374-middle-python-developer-2010-01/,Python,"['Python', 'Django']",Intermediate,3
Senior Python Engineer (Blockchain\Crypto),https://djinni.co/jobs/480348-senior-python-engineer-blockchain-crypto-/,Python,"['Python', 'Blockchain and Cryptocurrency', 'Blockchain']",Upper-Intermediate,5
Python Developer,https://djinni.co/jobs/480327-python-developer/,Python,,Intermediate,3
Middle/Senior Python Developer(AdTech),https://djinni.co/jobs/481116-middle-senior-python-developer-adtech-/,Python,"['Python', 'Algorithms and Data Structures', 'Scala', 'Spark', 'Knowledge of SQL']",Upper-Intermediate,5
Senior Python Engineer,https://djinni.co/jobs/481111-senior-python-engineer/,Python,"['Python', 'AWS']",Intermediate,3
Senior Python Developer,https://djinni.co/jobs/418343-senior-python-developer/,Python,,Upper-Intermediate,3
Lead Python Software Engineer,https://djinni.co/jobs/481106-lead-python-software-engineer/,Python,"['Python', 'AWS']",Intermediate,5
Middle Python Developer,https://djinni.co/jobs/481073-middle-python-developer/,Python,"['Python', 'Django', 'Django Rest Framework']",,2
Python developer,https://djinni.co/jobs/454834-python-developer/,Python,,Intermediate,2
Software Engineer (Python),https://djinni.co/jobs/406398-software-engineer-python-/,Python,"['Python', 'Microservices', 'Kubernetes', 'Big Data']",Upper-Intermediate,3
Senior Python Engineer,https://djinni.co/jobs/481013-senior-python-engineer/,Python,,Advanced/Fluent,5
Middle\Senior Python Developer (ADTech),https://djinni.co/jobs/480990-middle-senior-python-developer-adtech-/,Python,"['Python', 'Scala', 'Algorithms and Data Structures']",Upper-Intermediate,3
Senior Python Engineer,https://djinni.co/jobs/480965-senior-python-engineer/,Python,,Upper-Intermediate,3
Senior Python developer,https://djinni.co/jobs/480963-senior-python-developer/,Python,,Upper-Intermediate,3
Middle Python ML Engineer,https://djinni.co/jobs/480939-middle-python-ml-engineer/,Python,"['GraphQL', 'AWS', 'Python', 'ElasticSearch', 'Kafka']",,3
Full-Stack Technical Lead,https://djinni.co/jobs/480903-full-stack-technical-lead/,Python,,Upper-Intermediate,5
Senior Software Developer (Relocation to Italy),https://djinni.co/jobs/449434-senior-software-developer-relocation-to-italy/,Python,,Upper-Intermediate,5
Senior Python Developer (Relocation to Poland),https://djinni.co/jobs/467247-senior-python-developer-relocation-to-poland-/,Python,,Upper-Intermediate,3
Python backend developer,https://djinni.co/jobs/486600-python-backend-developer/,Python,"['Python', 'Knowledge of SQL', 'Database']",Intermediate,3
Python Tech Lead,https://djinni.co/jobs/460991-python-tech-lead/,Python,"['Python', 'Data Engineer', 'Databases: MySQL;']",Upper-Intermediate,5
Python/Django Engineer,https://djinni.co/jobs/473745-python-django-engineer/,Python,"['Python', 'Django', 'Celery', 'Docker', 'JIRA', 'BitBucket', 'Linux']",Upper-Intermediate,3
"Python Tech Lead
          

          

          
  
    
      $8000-11000",https://djinni.co/jobs/397060-python-tech-lead/,Python,"['Python', 'AWS', 'RDS', 'Lambda', 'SQS', 'Cloud Front', 'Cloud Watch', 'REST API', 'Postgres DB', 'SaaS', 'React JS']",Intermediate,2
Junior Python and С/С++ Developer,https://djinni.co/jobs/473986-junior-python-and-s-s-developer/,Python,,,1
Senior Python Engineer,https://djinni.co/jobs/486555-senior-python-engineer/,Python,,Advanced/Fluent,3
Python/Django Engineer,https://djinni.co/jobs/473617-python-django-engineer/,Python,"['Python', 'Django', 'Celery']",Upper-Intermediate,3
"Middle Python Developer
          

          

          
  
    
      $2000-4000",https://djinni.co/jobs/486538-middle-python-developer/,Python,"['Pandas', 'NumPy', 'PyTorch', 'Keras;']",Intermediate,2
Python Developer,https://djinni.co/jobs/474026-python-developer/,Python,"['Python', 'Python', 'Django']",Intermediate,3
Python Developer,https://djinni.co/jobs/486481-python-developer/,Python,,Upper-Intermediate,3
Tech Lead/ Senior Python Developer,https://djinni.co/jobs/474027-tech-lead-senior-python-developer/,Python,"['Python', 'Knowledge of SQL']",Upper-Intermediate,3
Senior Python Developer,https://djinni.co/jobs/486474-senior-python-developer/,Python,"['Python', 'asyncio', 'PostgreSQL', 'Python3', 'Redis']",Intermediate,3
Solution Architect,https://djinni.co/jobs/486473-solution-architect/,Python,"['Python', 'Java', 'JavaScript']",Upper-Intermediate,5
Middle та Senior Python Developer для розробки продукту у сфері гостинності та нерухомості,https://djinni.co/jobs/486450-middle-ta-senior-python-developer-dlia-rozrob/,Python,['Python'],Intermediate,3
Python Backend Developer,https://djinni.co/jobs/393513-python-backend-developer/,Python,"['Python', 'C#', 'backend']",Upper-Intermediate,2
"Middle Python Developer
          

          

          
  
    
      $1400-2500",https://djinni.co/jobs/479576-middle-python-developer/,Python,"['Python', 'Django', 'API', 'Django Rest Framework', 'Flask']",Upper-Intermediate,2
"Senior Tableau Developer
          

          

          
  
      до $3000",https://djinni.co/jobs/479565-senior-tableau-developer/,Python,"['Python', 'Tableau']",Intermediate,3
Senior Python Engineer,https://djinni.co/jobs/466334-senior-python-engineer/,Python,,Intermediate,3
Senior Python Developer (Europe Anywhere),https://djinni.co/jobs/423168-senior-python-developer-europe-anywhere-/,Python,,Intermediate,5
Middle Python Developer,https://djinni.co/jobs/444024-middle-python-developer/,Python,"['Python', 'GIT', 'Docker', 'REST']",Intermediate,3
Middle+ Python developer,https://djinni.co/jobs/479481-middle-python-developer/,Python,['Django'],Beginner/Elementary,3
"Senior Python Developer
          

          

          
  
    
      $3500-5500",https://djinni.co/jobs/434698-senior-python-developer/,Python,"['Python', 'Django', 'AWS']",Upper-Intermediate,3
Middle/Senior Full-Stack Engineer (Python/Angular),https://djinni.co/jobs/467117-middle-senior-full-stack-engineer-python-angu/,Python,"['Python', 'Django', 'Flask', 'Angular']",Upper-Intermediate,3
Senior Python Developer,https://djinni.co/jobs/388308-senior-python-developer/,Python,"['Python', 'Senior developer']",Intermediate,3
"Middle-Senior Python Developer for Quant Hedge Fund project
          

          

          
  
    
      $2000-4000",https://djinni.co/jobs/479368-middle-senior-python-developer-for-quant-hedg/,Python,['Python'],Upper-Intermediate,3
Middle+ Python Developer,https://djinni.co/jobs/479345-middle-python-developer/,Python,"['Django', 'Celery', 'MySQL', 'PostgreSQL', 'Docker', 'AWS Lambda', 'Elasctisearch']",Intermediate,3
Back End Engineer (Python) for Cyrebro,https://djinni.co/jobs/479323-back-end-engineer-python-for-cyrebro/,Python,"['Python', 'OOP', 'Microservices', 'Agile  Scrum']",Intermediate,3
Senior Python Developer,https://djinni.co/jobs/440615-senior-python-developer/,Python,,Upper-Intermediate,5
Python Scraping expert,https://djinni.co/jobs/86357-python-scraping-expert/,Python,"['python', 'scraping']",Intermediate,1
Python Developer (US company from Fortune 500),https://djinni.co/jobs/452966-python-developer-us-company-from-fortune-500-/,Python,"['PostGres', 'MySQL', 'Oracle', 'NoSQL', 'AWS']",Intermediate,5
Python Developer,https://djinni.co/jobs/480324-python-developer/,Python,"['Python', 'Python', 'Django']",Intermediate,3
Python developer,https://djinni.co/jobs/480307-python-developer/,Python,,,1
Middle Python Developer,https://djinni.co/jobs/390860-middle-python-developer/,Python,,Intermediate,2
Technical Interviewer,https://djinni.co/jobs/480276-technical-interviewer/,Python,"['Ruby', 'Python', 'JavaScript', 'JavaScript', 'NodeJS']",Advanced/Fluent,5
"Python Developer
          

          

          
  
    
      $500-1000",https://djinni.co/jobs/480159-python-developer/,Python,"['Python', 'Python', 'Django', 'Python3', 'Telegram API', 'Redis', 'Docker']",Intermediate,1
Python Developer,https://djinni.co/jobs/480179-python-developer/,Python,"['Python', 'Python', 'Django', 'Flask', 'Django', 'Flask', 'Aiohttp', 'FastApi']",Upper-Intermediate,3
"Python developer (Computer Vision, ML)",https://djinni.co/jobs/173463-python-developer-computer-vision-ml-/,Python,"['python', 'computer vision', 'machine learning']",Intermediate,1
Software Engineer_Relocate,https://djinni.co/jobs/480127-software-engineer_relocate/,Python,"['Python', 'Unix', 'Linux', 'TDD', 'RESTful API', 'C', 'C++']",Upper-Intermediate,5
Tech Lead Backend (Python) Developer,https://djinni.co/jobs/480129-tech-lead-backend-python-developer/,Python,"['Python', 'Django']",Upper-Intermediate,5
"Back End Engineer (Python)
          

          

          
  
    
      $3000-5000",https://djinni.co/jobs/480032-back-end-engineer-python-/,Python,['Python'],Upper-Intermediate,3
"Middle/Senior Python Developer
          

          

          
  
    
      $3000-6000",https://djinni.co/jobs/480019-middle-senior-python-developer/,Python,"['Python', 'Django']",Upper-Intermediate,3
Python Developer,https://djinni.co/jobs/435984-python-developer/,Python,['Python'],Upper-Intermediate,3
Senior Computer Vision Engineer – HCI,https://djinni.co/jobs/340175-senior-computer-vision-engineer-hci/,Python,"['Machine Learning', 'Python', 'Deep Learning', 'C++', 'Keras', 'PyTorch', 'Tensorflow']",Intermediate,3
Tech Lead Python,https://djinni.co/jobs/479979-tech-lead-python/,Python,"['Python', 'Microservices', 'AWS', 'Django']",Upper-Intermediate,5
Middle Python developer,https://djinni.co/jobs/466590-middle-python-developer/,Python,,Intermediate,2
"Middle/Senior Python developer
          

          

          
  
    
      $2000-5000",https://djinni.co/jobs/477693-middle-senior-python-developer/,Python,"['PostgreSQL', 'Django Rest', 'DRF 3.X', 'Celery', 'AIO Http', 'Redis', 'Mongo']",Intermediate,3
Senior Backend Developer - Python,https://djinni.co/jobs/490393-senior-backend-developer-python/,Python,"['Python', 'Django']",Advanced/Fluent,5
Back-End Engineer (Experimentation),https://djinni.co/jobs/478125-back-end-engineer-experimentation-/,Python,"['Python', 'Knowledge of SQL']",Upper-Intermediate,2
Python Developer,https://djinni.co/jobs/478132-python-developer/,Python,"['Python', 'Java']",Intermediate,3
Cloud Software Engineer (AWS/Python Engineer),https://djinni.co/jobs/477047-cloud-software-engineer-aws-python-engineer-/,Python,"['AWS', 'Python']",Advanced/Fluent,5
Senior Developer Python / ML / Node.js with QA/QC experience / REST API/Django,https://djinni.co/jobs/490330-senior-developer-python-ml-node-js-with-qa-qc/,Python,"['Python', 'Django', 'HTML', 'CSS', 'JavaScript', 'Machine Learning', 'Algorithms and Data Structures']",Upper-Intermediate,5
"jr. Python (Django) developer
          

          

          
  
    
      $600-1500",https://djinni.co/jobs/243720-jr-python-django-developer/,Python,"['Python', 'fullstack', 'Vue.js', 'JavaScript', 'фулстек']",Intermediate,1
Middle / Middle+ Python Developer,https://djinni.co/jobs/490307-middle-middle-python-developer/,Python,"['Backend development', 'Python', 'Python', 'Django', 'Django Rest Framework']",Pre-Intermediate,3
"Tech Team Lead/ Lead Full-stack Developer(Python, Javascript)
          

          

          
  
    
      $8000-10500",https://djinni.co/jobs/475230-tech-team-lead-lead-full-stack-developer-pyth/,Python,"['Technical Leadership', 'Python', 'Full Stack', 'Team Lead']",Upper-Intermediate,5
Python developer (Flask+Azure),https://djinni.co/jobs/490242-python-developer-flask-azure-/,Python,"['Flask', 'Azure']",Intermediate,3
SENIOR BACK-END PYTHON DEVELOPER-developing a digital solution for an energy management system,https://djinni.co/jobs/490120-senior-back-end-python-developer-developing-a/,Python,,Upper-Intermediate,5
"Python developer
          

          

          
  
      від $2000",https://djinni.co/jobs/126674-python-developer/,Python,"['python', 'developer', 'full stack']",Intermediate,3
Middle Python Engineer,https://djinni.co/jobs/490058-middle-python-engineer/,Python,,Intermediate,2
"Senior Python Engineer
          

          

          
  
    
      $3000-4000",https://djinni.co/jobs/490036-senior-python-engineer/,Python,"['Python', 'Backend development', 'Flask']",Upper-Intermediate,3
Middle Python Developer,https://djinni.co/jobs/80025-middle-python-developer/,Python,"['Flask', 'Celery', 'Redis', 'PostgreSQL', 'Elasticsearch', 'PHP', 'Javascript']",Intermediate,3
Python developer,https://djinni.co/jobs/406601-python-developer/,Python,"['Python', 'Django', 'FastAPI', 'ORM']",Intermediate,2
"Python Django Software Developer
          

          

          
  
    
      $1000-4500",https://djinni.co/jobs/483799-python-django-software-developer/,Python,"['Python', 'Django', 'Docker', 'jQuery']",Upper-Intermediate,2
Full-Stack Developer (Python/React),https://djinni.co/jobs/483770-full-stack-developer-python-react-/,Python,"['Python', 'React', 'Redux']",Upper-Intermediate,3
Python Software Architect,https://djinni.co/jobs/483697-python-software-architect/,Python,,Upper-Intermediate,5
Python Tech Lead,https://djinni.co/jobs/483633-python-tech-lead/,Python,,Intermediate,5
Senior Full-Stack (Python/JS) Developer,https://djinni.co/jobs/483631-senior-full-stack-python-js-developer/,Python,"['React', 'Python', 'Web3', 'Blockchain', 'Type Script']",Upper-Intermediate,3
Lead Python Developer,https://djinni.co/jobs/483622-lead-python-developer/,Python,,Upper-Intermediate,5
Middle Python Developer,https://djinni.co/jobs/483611-middle-python-developer/,Python,,Intermediate,3
Senior Python Engineer,https://djinni.co/jobs/483610-senior-python-engineer/,Python,"['Python', 'Mongo DB', 'Kibana']",Intermediate,3
Python Support Engineer,https://djinni.co/jobs/483584-python-support-engineer/,Python,"['Python', 'Bash']",Intermediate,3
Python Developer (Scrapy),https://djinni.co/jobs/458816-python-developer-scrapy-/,Python,['Python Developer (Scrapy)'],,2
Senior/Lead Python Engineer (DWH),https://djinni.co/jobs/483572-senior-lead-python-engineer-dwh-/,Python,,,5
"Middle Pyhon Back End Engineer CyVers (Ukraine, Georgia, Turkey, Azerbaidjan, Armenia, Kazakhstan)",https://djinni.co/jobs/483553-middle-pyhon-back-end-engineer-cyvers-ukraine/,Python,"['Python', 'Blockchain', 'Blockchain and Cryptocurrency', 'blockchain', 'AWS']",Upper-Intermediate,3
Python Back-End Developer / DevOps (EU based),https://djinni.co/jobs/483430-python-back-end-developer-devops-eu-based-/,Python,"['Python', 'AWS']",Upper-Intermediate,3
Senior/Lead Python (Django) Developer (Recommender),https://djinni.co/jobs/483356-senior-lead-python-django-developer-recommend/,Python,,,3
Python Developer Senior,https://djinni.co/jobs/369126-python-developer-senior/,Python,,,5
Python Developer,https://djinni.co/jobs/487838-python-developer/,Python,['Python'],Intermediate,3
Full-stack Developer (Python 80% and FE( React or Backbone or similar) 20%),https://djinni.co/jobs/487815-full-stack-developer-python-80-and-fe-react-o/,Python,,Upper-Intermediate,5
Junior xIL Model Framework Engineer(SIL/ Test Framework Developer) IRC167876,https://djinni.co/jobs/487792-junior-xil-model-framework-engineer-sil-test-/,Python,"['Python', 'Git', 'automation testing', 'C++', 'xiL']",Intermediate,2
Senior Python Developer,https://djinni.co/jobs/487766-senior-python-developer/,Python,,,5
Python Engineer (Middle),https://djinni.co/jobs/487760-python-engineer-middle-/,Python,['Python'],Intermediate,2
Middle Python Developer,https://djinni.co/jobs/487730-middle-python-developer/,Python,,,2
Python Developer,https://djinni.co/jobs/487695-python-developer/,Python,,Intermediate,2
Junior Python developer,https://djinni.co/jobs/238194-junior-python-developer/,Python,"['Python', 'AWS', 'Docker', 'Django', 'Flask', 'Serverless']",Upper-Intermediate,0
Senior Python Developer,https://djinni.co/jobs/475741-senior-python-developer/,Python,"['Python', 'Django']",Upper-Intermediate,3
Senior Python Developer for offline mapping app,https://djinni.co/jobs/402323-senior-python-developer-for-offline-mapping-a/,Python,"['Python', 'Django', 'Python3', 'Python', 'Django', 'Flask', 'Software Engineering', 'Senior']",Intermediate,5
"Quantitative Researcher
          

          

          
  
      до $8000",https://djinni.co/jobs/487660-quantitative-researcher/,Python,"['quant', 'Solidity']",Upper-Intermediate,3
Senior Python Developer,https://djinni.co/jobs/393116-senior-python-developer/,Python,"['Django Rest Framework', 'Flask', 'AWS', 'API REST', 'MS SQL', 'No-SQL', 'SOLID']",Intermediate,5
Full stack Developer (Django+React),https://djinni.co/jobs/394242-full-stack-developer-django-react-/,Python,"['Django', 'React']",Intermediate,2
Senior/Middle Research Engineer,https://djinni.co/jobs/487551-senior-middle-research-engineer/,Python,,Intermediate,5
Back-End Engineer (Python) for CyVers,https://djinni.co/jobs/487046-back-end-engineer-python-for-cyvers/,Python,"['Python', 'AWS', 'Big Data', 'Blockchain and Cryptocurrency', 'Blockchain', 'Web3']",Upper-Intermediate,3
Middle/Senior Python Developer,https://djinni.co/jobs/263364-middle-senior-python-developer/,Python,"['Python', 'Django', 'SQL', 'PostgreSQL', 'MySQL', 'NoSQL', 'AWS']",Intermediate,3
Senior Python Software Engineer (AWS),https://djinni.co/jobs/449776-senior-python-software-engineer-aws-/,Python,"['Python', 'AWS', 'Amazon Web Services', 'AWS Lambda', 'Team Lead']",Upper-Intermediate,3
Backend Engineer,https://djinni.co/jobs/487008-backend-engineer/,Python,"['Django', 'Docker', 'Nginx', 'Celery', 'AWS', 'Python', 'AWS RDS']",Upper-Intermediate,1
Senior Python Software Engineer,https://djinni.co/jobs/486987-senior-python-software-engineer/,Python,"['Python', 'AWS']",Upper-Intermediate,5
Python Developer,https://djinni.co/jobs/486986-python-developer/,Python,"['Python', 'Python3', 'AWS', 'Azure', 'GCP', 'K8s', 'Flask']",Intermediate,3
Senior Backend (Python) Developer,https://djinni.co/jobs/486528-senior-backend-python-developer/,Python,"['Python', 'OpenCV', 'Flask', 'Pandas', 'Elasctisearch', 'MongoDB']",Upper-Intermediate,3
Python developer,https://djinni.co/jobs/184635-python-developer/,Python,"['Python', 'Django', 'Django REST Framework']",Intermediate,3
Junior Python Developer,https://djinni.co/jobs/358192-junior-python-developer/,Python,"['Python', 'junior', 'Junior Python Developer', 'Junior Python', 'QA Automation']",Intermediate,1
"Senior Python Engineer
          

          

          
  
    
      $5000-6000",https://djinni.co/jobs/486937-senior-python-engineer/,Python,,Intermediate,5
Senior Python Engineer,https://djinni.co/jobs/486915-senior-python-engineer/,Python,,Upper-Intermediate,3
Python Developer (Flask),https://djinni.co/jobs/486899-python-developer-flask-/,Python,"['Selenium WebDriver', 'Celery', 'PostgreSQL', 'AWS', 'GIT', 'Python', 'API']",Pre-Intermediate,1
Senior Python Developer,https://djinni.co/jobs/486834-senior-python-developer/,Python,['Python'],Advanced/Fluent,3
Lead Python Developer (FinTech),https://djinni.co/jobs/461608-lead-python-developer-fintech-/,Python,,Intermediate,3
"Middle Python Developer
          

          

          
  
    
      $3000-3500",https://djinni.co/jobs/486815-middle-python-developer/,Python,,,3
Senior Python Developer  - Team Lead,https://djinni.co/jobs/460142-senior-python-developer-team-lead/,Python,"['Python', 'Django']",Upper-Intermediate,5
"Python BackEnd Developer
          

          

          
  
    
      $3500-6000",https://djinni.co/jobs/471050-python-backend-developer/,Python,"['Python', 'API', 'Redis', 'Nats', 'Kafka', 'RabbitMQ', 'Docker', 'SOLID']",,3
Senior Python Engineer    CyVers,https://djinni.co/jobs/485279-senior-python-engineer-cyvers/,Python,"['AWS', 'Python', 'Blockchain', 'Blockchain and Cryptocurrency']",Upper-Intermediate,5
Principal/Senior Python Developer,https://djinni.co/jobs/485235-principal-senior-python-developer/,Python,,Intermediate,5
Python developer,https://djinni.co/jobs/485232-python-developer/,Python,"['Python', 'AWS', 'Airflow', 'Docker', 'Kubernetes']",Intermediate,5
Senior Python Developer,https://djinni.co/jobs/484939-senior-python-developer/,Python,"['Python', 'Terraform']",Intermediate,5
Senior QA Automation Engineer,https://djinni.co/jobs/472529-senior-qa-automation-engineer/,Python,"['Python', 'Linux', 'Automated Testing', 'Automation QA', 'L2', 'L3 networking', 'Networking']",Intermediate,5
Machine Learning Engineer (Python),https://djinni.co/jobs/455810-machine-learning-engineer-python-/,Python,"['Python', 'Machine Learning']",Upper-Intermediate,5
Software Engineer (Python),https://djinni.co/jobs/485146-software-engineer-python-/,Python,,Upper-Intermediate,5
"Python backend разработчик
          

          

          
  
    
      $1500-3000",https://djinni.co/jobs/302048-python-backend-razrabotchik/,Python,"['Python 3; FastAPI', 'Starlette', 'SQLAlchemy', 'Celery', 'asyncio; REST API', 'PostgreSQL', 'RabbitMQ', 'Redis']",,2
Junior Python Developer in Test (Apps),https://djinni.co/jobs/336441-junior-python-developer-in-test-apps-/,Python,"['Python', 'pytest']",,0
Backend Developer (Python),https://djinni.co/jobs/468465-backend-developer-python-/,Python,,Intermediate,3
"Senior Python Developer, Financial Software Solutions",https://djinni.co/jobs/485084-senior-python-developer-financial-software-so/,Python,"['Python', 'Apache Airflow', 'PostgreSQL', 'MongoDB']",Intermediate,5
Python Team Lead (only locally to listed countries),https://djinni.co/jobs/485081-python-team-lead-only-locally-to-listed-count/,Python,"['Team Lead', 'Python', 'AWS', 'SQL']",Upper-Intermediate,3
"Python Developer with JavaScript Experience, Cloud Service Business Solutions",https://djinni.co/jobs/485077-python-developer-with-javascript-experience-c/,Python,"['electron.js', 'JavaScript', 'Python']",Intermediate,3
Python Tech Lead,https://djinni.co/jobs/469588-python-tech-lead/,Python,,Upper-Intermediate,5
Developer Linux Core/HAL,https://djinni.co/jobs/442508-developer-linux-core-hal/,Python,['Python'],Pre-Intermediate,2
"Senior Full-stack (Python+ Angular/Vue.js) Engineer
          

          

          
  
    
      $4000-6500",https://djinni.co/jobs/482201-senior-full-stack-python-angular-vue-js-engin/,Python,"['Senior Full-stack (Python+ Angular', 'Vue.js) Engineer']",Upper-Intermediate,3
"Middle or Strong Middle Python/Django Developer
          

          

          
  
      від $1000",https://djinni.co/jobs/456465-middle-or-strong-middle-python-django-develop/,Python,"['Python', 'Django', 'Backend development']",Intermediate,2
Python/Data Modelling Developer - Polan or relocation to Poland,https://djinni.co/jobs/482184-python-data-modelling-developer-polan-or-relo/,Python,,Upper-Intermediate,3
Python Developer,https://djinni.co/jobs/404429-python-developer/,Python,"['Python', 'Docker', 'MariaDB', 'MySQL', 'Postgres', 'Redis', 'AWS', 'Nats', 'Kafka', 'RabbitMQ']",,3
"Middle/Senior Python Software Engineer
          

          

          
  
      від $3000",https://djinni.co/jobs/482144-middle-senior-python-software-engineer/,Python,"['Python', 'Senior Python Software Engineer', 'Python Software Engineer', 'Python Developer']",,2
Snowflake / Python God needed,https://djinni.co/jobs/482132-snowflake-python-god-needed/,Python,"['Snowflake', 'Python', 'Azure']",Upper-Intermediate,3
Data Mining Engineer needed for data centric startup,https://djinni.co/jobs/256433-data-mining-engineer-needed-for-data-centric-/,Python,['Selenium'],Upper-Intermediate,0
Full Stack Python Developer,https://djinni.co/jobs/334071-full-stack-python-developer/,Python,,Intermediate,3
"Engineering Lead, Python",https://djinni.co/jobs/482048-engineering-lead-python/,Python,['Lead Python'],Upper-Intermediate,5
Middle/Senior Full-stack Developer (Vue.js + Python),https://djinni.co/jobs/482020-middle-senior-full-stack-developer-vue-js-pyt/,Python,"['Python', 'JavaScript', 'Vue', 'fullstack', 'Full-stack Web Development']",Upper-Intermediate,2
Principal/Lead Python Engineer with AWS,https://djinni.co/jobs/468364-principal-lead-python-engineer-with-aws/,Python,"['AWS', 'AWS Lambda', 'Jenkins', 'Terraform', 'Docker']",Upper-Intermediate,5
Python Developer,https://djinni.co/jobs/158518-python-developer/,Python,,,2
Python developer,https://djinni.co/jobs/481841-python-developer/,Python,['Python'],Upper-Intermediate,2
Senior Python/Data Developer - relocation to Poland is necessary,https://djinni.co/jobs/476299-senior-python-data-developer-relocation-to-po/,Python,,Upper-Intermediate,5
Junior Python Developer,https://djinni.co/jobs/239082-junior-python-developer/,Python,"['Python', 'Django', 'Django REST Framework', 'MySQL', 'PostgreSQL']",Intermediate,0
"mid Python developer
          

          

          
  
    
      $1500-2000",https://djinni.co/jobs/439501-mid-python-developer/,Python,"['Python', 'Django']",Beginner/Elementary,1
"Lead Python Engineer
          

          

          
  
    
      $6000-7000",https://djinni.co/jobs/475267-lead-python-engineer/,Python,,Upper-Intermediate,5
Middle Python Developer,https://djinni.co/jobs/488231-middle-python-developer/,Python,,Upper-Intermediate,3
"Software Developer (Python)
          

          

          
  
    
      $5000-7500",https://djinni.co/jobs/488220-software-developer-python-/,Python,['Python'],Upper-Intermediate,5
Machine Learning Engineer,https://djinni.co/jobs/488210-machine-learning-engineer/,Python,"['Python', 'Machine Learning']",Upper-Intermediate,5
Senior SAP BI/BW/DWC consultant,https://djinni.co/jobs/488184-senior-sap-bi-bw-dwc-consultant/,Python,"['Python', 'ABAP', 'JavaScript', 'SQL', 'SAP Analytics Cloud', 'SAP Business Technology Platform', 'SAP Data Warehouse Cloud']",Upper-Intermediate,3
Senior Big Data Engineer,https://djinni.co/jobs/488169-senior-big-data-engineer/,Python,,Upper-Intermediate,5
Back-end developer (Python),https://djinni.co/jobs/488124-back-end-developer-python-/,Python,,Intermediate,3
"Middle data engineer (python, Sql, git)",https://djinni.co/jobs/469660-middle-data-engineer-python-sql-git-/,Python,"['PostgreSQL', 'GIT', 'Python']",,2
Python Backend Engineer/ Rieltor,https://djinni.co/jobs/474549-python-backend-engineer-rieltor/,Python,,,3
Senior Python Developer,https://djinni.co/jobs/487978-senior-python-developer/,Python,"['Python', 'AWS', 'CI', 'CD']",Upper-Intermediate,5
"Python Developer
          

          

          
  
    
      $2500-4000",https://djinni.co/jobs/487963-python-developer/,Python,"['Python', 'PostgreSQL', 'Django Rest', 'DRF 3.X']",Beginner/Elementary,3
Senior xIL Model Framework Engineer (SIL/ Test Framework Developer) (IRC167871),https://djinni.co/jobs/487951-senior-xil-model-framework-engineer-sil-test-/,Python,,Intermediate,3
Integrator (Support specialist 3L),https://djinni.co/jobs/488741-integrator-support-specialist-3l-/,Python,"['Linux administrator', 'phyton', 'binom', 'technical support', 'API', 'marketing']",Intermediate,1
Python інженер,https://djinni.co/jobs/471674-python-inzhener/,Python,"['Python', 'Django', 'MS SQL', 'Linux', 'WSGI', 'Docker']",Intermediate,2
Python Solution Architect,https://djinni.co/jobs/488728-python-solution-architect/,Python,,Intermediate,5
Python Architect,https://djinni.co/jobs/488726-python-architect/,Python,,Intermediate,5
Senior Python Engineer,https://djinni.co/jobs/488670-senior-python-engineer/,Python,,Upper-Intermediate,3
Python Developer для Академії ІТ освіти,https://djinni.co/jobs/481907-python-developer-dlia-akademiyi-it-osviti/,Python,,Intermediate,1
"Senior Software Developer - Python/Azure
          

          

          
  
    
      $4500-5600",https://djinni.co/jobs/488562-senior-software-developer-python-azure/,Python,"['Azure', 'Spark', 'Python', 'VS Code', 'ETL']",Upper-Intermediate,3
Python developer,https://djinni.co/jobs/434867-python-developer/,Python,,Upper-Intermediate,3
Python Developer / Cyberwrite,https://djinni.co/jobs/488489-python-developer-cyberwrite/,Python,"['Python', 'DevOps', 'NoSQL', 'SQL', 'SQLite', 'MySQL', 'PostgreSQL', 'SQLAlchemy', 'AWS', 'numpy', 'Pandas']",Upper-Intermediate,5
"Python Engineer (FashionTech)
          

          

          
  
    
      $3500-5500",https://djinni.co/jobs/488484-python-engineer-fashiontech-/,Python,"['AWS Serverless Lambda', 'Python3']",Intermediate,5
"Python/Django/DRF developer
          

          

          
  
    
      $2500-4000",https://djinni.co/jobs/488481-python-django-drf-developer/,Python,"['AWS', 'Python3', 'Flask', 'DRF', 'Celery', 'Microservice architecture']",Intermediate,3
Senior SDET / Python AQA,https://djinni.co/jobs/488474-senior-sdet-python-aqa/,Python,"['Python', 'AWS', 'MicroServices']",Upper-Intermediate,3
Senior Python developer,https://djinni.co/jobs/474881-senior-python-developer/,Python,,Upper-Intermediate,3
Python developer,https://djinni.co/jobs/488435-python-developer/,Python,['Python'],,2
Python/Data Modelling Developer - Poland or relocation to Poland,https://djinni.co/jobs/488399-python-data-modelling-developer-poland-or-rel/,Python,,Upper-Intermediate,3
"Middle/Senior Python Developer
          

          

          
  
    
      $3000-6000",https://djinni.co/jobs/487936-middle-senior-python-developer/,Python,['FastAPI'],Beginner/Elementary,2
"Middle Python Software Engineer
          

          

          
  
      до $3500",https://djinni.co/jobs/487925-middle-python-software-engineer/,Python,,,2
"Senior Python Developer (USA project)
          

          

          
  
    
      $5000-6000",https://djinni.co/jobs/487922-senior-python-developer-usa-project-/,Python,,Upper-Intermediate,5
"Tableau Developer (banking)
          

          

          
  
      до $3000",https://djinni.co/jobs/487917-tableau-developer-banking-/,Python,['tableau'],Intermediate,3
Backend Developer (Python/Flask),https://djinni.co/jobs/487910-backend-developer-python-flask-/,Python,"['Python', 'Flask']",Upper-Intermediate,3
Python Developer,https://djinni.co/jobs/475313-python-developer/,Python,"['Python', 'Software Engineer', 'Computer Science', 'Jenkins', 'AWS', 'DevOps']",Upper-Intermediate,3
"Python developer (Data Science and Algorithms)
          

          

          
  
    
      $1000-2500",https://djinni.co/jobs/258901-python-developer-data-science-and-algorithms-/,Python,"['Data Science and Algorithms', 'Linux', 'Unix (shell)']",Intermediate,1
Senior Backend Engineer (Python) (Hot vacancy),https://djinni.co/jobs/474177-senior-backend-engineer-python-hot-vacancy-/,Python,"['Java', 'Google Go', 'C++', 'Python']",Upper-Intermediate,5
"Python Developer with JavaScript Experience, Cloud Service Business Solutions",https://djinni.co/jobs/487877-python-developer-with-javascript-experience-c/,Python,"['Python', 'electon.js', 'JavaScript']",Upper-Intermediate,3
Старший ML інженер / Senior ML Engineer,https://djinni.co/jobs/422573-starshii-ml-inzhener-senior-ml-engineer/,Python,"['Python', 'Data Science', 'Machine Learning']",Intermediate,3
Middle/Senior Full-Stack Engineer (Python/Angular),https://djinni.co/jobs/470428-middle-senior-full-stack-engineer-python-angu/,Python,['Python Angular'],Intermediate,3
Middle+ / Senior Python Developer,https://djinni.co/jobs/114521-middle-senior-python-developer/,Python,"['Django', 'Flask']",Intermediate,3
Python / Laravel / PHP Developer,https://djinni.co/jobs/474638-python-laravel-php-developer/,Python,"['Laravel', 'Python', 'PHP', 'databases']",,2
Python Developer (Middle),https://djinni.co/jobs/365969-python-developer-middle-/,Python,,,2
Python Developer (Senior/Team Lead),https://djinni.co/jobs/369096-python-developer-senior-team-lead-/,Python,,Upper-Intermediate,5
"Python programmer (OOP, Web scraping)
          

          

          
  
    
      $1000-2000",https://djinni.co/jobs/186834-python-programmer-oop-web-scraping-/,Python,"['Linux (Debian)', 'JSON и XML', 'REST і SOAP', 'MS Azure', 'Google Cloud', 'Docker', 'Python']",Intermediate,1
Python Developer  (DCOS),https://djinni.co/jobs/435426-python-developer-dcos-/,Python,"['Python', 'API', 'Agile', 'Fluent English']",Intermediate,2
"Full Stack Engineer (Python/React)
          

          

          
  
      до $7000",https://djinni.co/jobs/487316-full-stack-engineer-python-react-/,Python,"['Python', 'GCP', 'Google Cloud Platform', 'BigQuery', 'MongoDB', 'React', 'Linux']",Upper-Intermediate,3
Middle+ Python Developer,https://djinni.co/jobs/400938-middle-python-developer/,Python,,Intermediate,5
Software Developer(Python) for Lean-AI,https://djinni.co/jobs/487266-software-developer-python-for-lean-ai/,Python,"['OpenCV', 'Python', 'C', 'C++']",Upper-Intermediate,5
Python Developer,https://djinni.co/jobs/487255-python-developer/,Python,"['CI', 'CD', 'Python', 'Machine Learning', 'AWS', 'Git', 'Docker', 'Linux']",Intermediate,2
"Python engineer
          

          

          
  
    
      $3000-4500",https://djinni.co/jobs/473775-python-engineer/,Python,,Intermediate,5
Senior Python Developer,https://djinni.co/jobs/487222-senior-python-developer/,Python,"['Unit', 'Integrational', 'API Tests', 'SQL Databases', 'AWS CloudFormation', 'Google Cloud', 'Azure Cloud']",Intermediate,5
Python Developer,https://djinni.co/jobs/487213-python-developer/,Python,"['Python', 'C', 'C++']",Intermediate,3
FullStack Python Developer,https://djinni.co/jobs/470715-fullstack-python-developer/,Python,"['Python', 'GraphQL', 'NoSQL', 'Git', 'GitLab', 'React', 'Vue.js']",Intermediate,3
Middle Python Developer,https://djinni.co/jobs/474770-middle-python-developer/,Python,,Upper-Intermediate,2
Strong Middle / Senior Python Developer / Старший Python розробник (ENESTECH Software),https://djinni.co/jobs/487141-strong-middle-senior-python-developer-starshi/,Python,"['Python', 'Postgre SQL', 'Django Rest Framework', 'Django', 'REST API', 'Backend development']",Intermediate,5
Middle/Senior Python Engineer,https://djinni.co/jobs/487136-middle-senior-python-engineer/,Python,,Upper-Intermediate,3
Full-stack React + Python Developer,https://djinni.co/jobs/487099-full-stack-react-python-developer/,Python,"['fullstack', 'JavaScript FullStack', 'Python', 'React']",Upper-Intermediate,2
"Python developer (системний розробник під Linux)
          

          

          
  
    
      $1000-1500",https://djinni.co/jobs/487065-python-developer-sistemnii-rozrobnik-pid-linu/,Python,,,2
"Senior Python Developer
          

          

          
  
      від $4000",https://djinni.co/jobs/430729-senior-python-developer/,Python,"['Python', 'Docker', 'Django', 'PostgreSQL', 'GitHub', 'RESTful Services and APIs']",Upper-Intermediate,2
"Middle Python Developer
          

          

          
  
      до $3800",https://djinni.co/jobs/485021-middle-python-developer/,Python,"['Django', 'API Integration', 'PostgreSQL', 'Juju', 'Ansible', 'Ubuntu']",Intermediate,3
"Wand AI - Head of Engineering
          

          

          
  
    
      $8500-10500",https://djinni.co/jobs/484985-wand-ai-head-of-engineering/,Python,['Python'],Upper-Intermediate,5
Mathematician,https://djinni.co/jobs/396471-mathematician/,Python,"['igaming', 'gambling']",Upper-Intermediate,2
"Cyrebro - Python Engineer (Georgia)
          

          

          
  
    
      $3500-4500",https://djinni.co/jobs/484979-cyrebro-python-engineer-georgia-/,Python,"['Python', 'AWS', 'Microservices']",Intermediate,3
"Cyrebro - Python Engineer (Ukraine)
          

          

          
  
    
      $3500-4500",https://djinni.co/jobs/484976-cyrebro-python-engineer-ukraine-/,Python,"['Python', 'AWS', 'Microservices']",Intermediate,3
Middle IoT Engineer (Python),https://djinni.co/jobs/484924-middle-iot-engineer-python-/,Python,"['Python', 'IoT']",Intermediate,2
"CyVers - Senior Python Engineer
          

          

          
  
    
      $5000-6000",https://djinni.co/jobs/484913-cyvers-senior-python-engineer/,Python,"['Python', 'AWS', 'Blockchain']",Intermediate,5
QA Engineer,https://djinni.co/jobs/407371-qa-engineer/,Python,,Intermediate,2
Python Back-End Engineer for AI-powered startup,https://djinni.co/jobs/484883-python-back-end-engineer-for-ai-powered-start/,Python,"['back-end', 'Python', 'Django', 'Cloud']",Upper-Intermediate,3
Middle/Senior Python(Django)Developer,https://djinni.co/jobs/169203-middle-senior-python-django-developer/,Python,"['Python', 'Django']",Intermediate,2
Python Developer (Turkey),https://djinni.co/jobs/484858-python-developer-turkey-/,Python,"['Python', 'API', 'Agile', 'Fluent English']",Upper-Intermediate,2
Middle Python Software Engineer (Prom.ua),https://djinni.co/jobs/471821-middle-python-software-engineer-prom-ua-/,Python,"['PostgreSQL', 'Kubernetes', 'Prometheus', 'Grafana', 'Kafka', 'ClickHouse']",,2
Python Developer,https://djinni.co/jobs/484787-python-developer/,Python,"['Python', 'AWS', 'AWS Lambda', 'Terraform']",Upper-Intermediate,2
Software Engineer_Relocation at the company's expense,https://djinni.co/jobs/484769-software-engineer_relocation-at-the-company-s/,Python,"['Python', 'Unix', 'Linux', 'TDD', 'C++', 'Data Structures', 'algorithms']",Upper-Intermediate,5
Tech Lead Python Developer in test (Malevich Team),https://djinni.co/jobs/458023-tech-lead-python-developer-in-test-malevich-t/,Python,"['Python', 'asyncio', 'Pytest', 'Linux', 'AWS', 'OOP']",,5
Middle/Senior Python Developer,https://djinni.co/jobs/470228-middle-senior-python-developer/,Python,"['Python', 'Flask', 'Celery', 'ETL']",Upper-Intermediate,1
Python Developer,https://djinni.co/jobs/482562-python-developer/,Python,"['Python', 'Django', 'API', 'FastAPI', 'MS SQL', 'NoSQL', 'API REST']",Upper-Intermediate,3
Python Developer,https://djinni.co/jobs/482554-python-developer/,Python,"['Django', 'Python']",Upper-Intermediate,3
"Python back-end developer (product)
          

          

          
  
    
      $4000-6500",https://djinni.co/jobs/469579-python-back-end-developer-product-/,Python,"['Python', 'API', 'back-end', 'Microservices', 'Cloud', 'AWS', 'Docker']",Pre-Intermediate,3
"Python full-stack engineer Middle/Senior
          

          

          
  
      до $4500",https://djinni.co/jobs/377433-python-full-stack-engineer-middle-senior/,Python,"['Django', 'Python', 'React JS', 'HTML', 'JavaScript', 'CSS']",Intermediate,3
Middle/Senior Backend Python Developer,https://djinni.co/jobs/482494-middle-senior-backend-python-developer/,Python,['Django'],Advanced/Fluent,3
Principal/Lead Python Engineer with AWS,https://djinni.co/jobs/434585-principal-lead-python-engineer-with-aws/,Python,"['Python', 'AWS', 'AWS Lambda']",Upper-Intermediate,5
"Senior Python Engineer, SaaS Foundation",https://djinni.co/jobs/482411-senior-python-engineer-saas-foundation/,Python,['Python'],Upper-Intermediate,5
Senior Python Developer (EDT Time zone),https://djinni.co/jobs/468070-senior-python-developer-edt-time-zone-/,Python,,Upper-Intermediate,3
Senior Python Engineer,https://djinni.co/jobs/348233-senior-python-engineer/,Python,"['Python', 'Python3']",Upper-Intermediate,5
"Software engineer (Python, AWS)",https://djinni.co/jobs/457219-software-engineer-python-aws-/,Python,"['FastAPI', 'Terraform', 'AWS', 'Python', 'Linux', 'Docker']",Upper-Intermediate,3
Python Developer для Академії ІТ освіти,https://djinni.co/jobs/481908-python-developer-dlia-akademiyi-it-osviti/,Python,,Intermediate,1
"Python Developer (Relocation to Holland)
          

          

          
  
    
      $4000-5000",https://djinni.co/jobs/390296-python-developer-relocation-to-holland-/,Python,"['Python', 'Python3', 'Django']",Upper-Intermediate,5
Python Engineer,https://djinni.co/jobs/423193-python-engineer/,Python,"['DevOps', 'automation', 'Python', 'middle', 'senior', 'automotive']",Intermediate,2
Middle Python Developer,https://djinni.co/jobs/486184-middle-python-developer/,Python,,,2
"Senior QA Automation with Python, (Embedded) Ukraine",https://djinni.co/jobs/486155-senior-qa-automation-with-python-embedded-ukr/,Python,['QA Automation'],Intermediate,3
Middle Python Developer with strong SQL and Spark,https://djinni.co/jobs/486139-middle-python-developer-with-strong-sql-and-s/,Python,"['Knowledge of SQL', 'Spark']",Upper-Intermediate,2
Middle Full Stack Engineer,https://djinni.co/jobs/447050-middle-full-stack-engineer/,Python,"['Python', 'HTML', 'CSS', 'JavaScript', 'TypeScript', 'Node.js', 'Vue.js', 'React']",Intermediate,2
Senior Python Engineer,https://djinni.co/jobs/486104-senior-python-engineer/,Python,['Python'],Advanced/Fluent,3
Senior Python Developer,https://djinni.co/jobs/486085-senior-python-developer/,Python,"['JS\\TS  Go', '(PostgreSQL', 'Redis', 'MemCached', 'docker-compose', 'RabbitMQ', 'Python Async']",Intermediate,3
Senior Python Engineer,https://djinni.co/jobs/469092-senior-python-engineer/,Python,"['Python', 'AWS', 'Microservices']",Intermediate,3
Lead Python Software Engineer,https://djinni.co/jobs/470953-lead-python-software-engineer/,Python,"['Python', 'AWS']",Intermediate,5
Full-Stack Technical Lead,https://djinni.co/jobs/486032-full-stack-technical-lead/,Python,"['Python', 'Azure', 'JavaScript', 'React.js', 'data management', 'Technical Leadership']",Upper-Intermediate,5
Senior Python Developer,https://djinni.co/jobs/486022-senior-python-developer/,Python,"['Python', 'AWS']",Intermediate,3
Senіоr Sоftwаre Engіneer (Python),https://djinni.co/jobs/485986-senior-software-engineer-python-/,Python,"['Python', '-\tC#']",Upper-Intermediate,5
Python engineer,https://djinni.co/jobs/485980-python-engineer/,Python,['Python'],Intermediate,3
Middle Back End Engineer / CyVers,https://djinni.co/jobs/485368-middle-back-end-engineer-cyvers/,Python,"['Python', 'AWS', 'NoSQL', 'Blockchain']",Upper-Intermediate,3
"Python Engineer
          

          

          
  
    
      $1000-3000",https://djinni.co/jobs/470177-python-engineer/,Python,,Intermediate,1
Middle Python developer,https://djinni.co/jobs/485787-middle-python-developer/,Python,['Python'],Pre-Intermediate,1
Middle/Senior Python Developer,https://djinni.co/jobs/459374-middle-senior-python-developer/,Python,"['Python', 'Django', 'AWS', 'GCP']",Upper-Intermediate,3
Sr Python Engineer,https://djinni.co/jobs/479193-sr-python-engineer/,Python,"['Python', 'PostgreSQL', 'Knowledge of SQL', 'highload']",Pre-Intermediate,5
Python Developer,https://djinni.co/jobs/479084-python-developer/,Python,['Python'],Intermediate,2
Python Developer,https://djinni.co/jobs/462866-python-developer/,Python,"['Python', 'Docker']",Intermediate,3
Python / Java Developer,https://djinni.co/jobs/478999-python-java-developer/,Python,"['Java', 'Python']",Upper-Intermediate,3
Blockchain Developer,https://djinni.co/jobs/448583-blockchain-developer/,Python,"['Algorand', 'Blockchain', 'tokens']",Intermediate,2
Backend Engineer to the Data Import team,https://djinni.co/jobs/465153-backend-engineer-to-the-data-import-team/,Python,"['Python', 'Django', 'Celery', 'PostgreSQL', 'ETL']",,3
"NLP Algorithms Developer
          

          

          
  
    
      $2500-3000",https://djinni.co/jobs/478940-nlp-algorithms-developer/,Python,"['NLP', 'Python']",Upper-Intermediate,3
Senior Python Developer,https://djinni.co/jobs/438707-senior-python-developer/,Python,,Upper-Intermediate,5
"Python Engineer
          

          

          
  
    
      $2500-5500",https://djinni.co/jobs/478861-python-engineer/,Python,"['Python', 'Django', 'GCP', 'AWS', 'Kubernetes', 'Docker', 'CI', 'CD', 'Postgre SQL']",Intermediate,5
"Python, Global Music Company",https://djinni.co/jobs/478871-python-global-music-company/,Python,,Intermediate,3
Senior Python Developer,https://djinni.co/jobs/433786-senior-python-developer/,Python,,Intermediate,5
Python Developer,https://djinni.co/jobs/478845-python-developer/,Python,,Intermediate,3
"Senior Automation QA Engineer (Python)
          

          

          
  
    
      $3000-4500",https://djinni.co/jobs/465336-senior-automation-qa-engineer-python-/,Python,"['QA', 'automation', 'Python']",Upper-Intermediate,3
Data Engineer/Scientist for Python/Spark,https://djinni.co/jobs/479871-data-engineer-scientist-for-python-spark/,Python,,Upper-Intermediate,5
Middle Python Engineer,https://djinni.co/jobs/479852-middle-python-engineer/,Python,,Intermediate,2
Senior Python Software Engineer,https://djinni.co/jobs/479811-senior-python-software-engineer/,Python,['Python'],Upper-Intermediate,5
"Python (Django) developer
          

          

          
  
    
      $500-2000",https://djinni.co/jobs/436406-python-django-developer/,Python,"['Python', 'Django', 'API REST']",Intermediate,2
"Python Engineer
          

          

          
  
    
      $1000-3000",https://djinni.co/jobs/37050-python-engineer/,Python,"['Python', 'Django', 'PostgreSQL', 'React.js.']",Intermediate,2
"Python Developer with JavaScript Experience, Cloud Service Business Solutions",https://djinni.co/jobs/479746-python-developer-with-javascript-experience-c/,Python,"['Python', 'JavaScript']",Intermediate,3
"Python Developer with GCP Experience, Cloud Service Business Solutions",https://djinni.co/jobs/479745-python-developer-with-gcp-experience-cloud-se/,Python,"['GCP', 'Python', 'AppEngine']",Intermediate,3
Middle Python Engineer,https://djinni.co/jobs/479707-middle-python-engineer/,Python,"['Python', 'EDR', 'SIEM', 'GCP']",Upper-Intermediate,3
"Middle Python Developer
          

          

          
  
    
      $1800-2500",https://djinni.co/jobs/479704-middle-python-developer/,Python,"['Django', 'Python', 'Flask']",Upper-Intermediate,2
Python Tech Lead,https://djinni.co/jobs/479686-python-tech-lead/,Python,"['Django', 'Flask', 'Knowledge of SQL']",Upper-Intermediate,5
Middle/Senior Python Back End Developer,https://djinni.co/jobs/465086-middle-senior-python-back-end-developer/,Python,,Intermediate,3
Backend Developer (Middle),https://djinni.co/jobs/447765-backend-developer-middle-/,Python,,Intermediate,3
Perl Developer,https://djinni.co/jobs/479639-perl-developer/,Python,"['Perl', 'MySQL', 'SVN', 'Python']",Upper-Intermediate,3
Strong Junior/ Middle Python Software Engineer (Prom.ua),https://djinni.co/jobs/450949-strong-junior-middle-python-software-engineer/,Python,"['SQLAlchemy', 'k8s', 'MS SQL', 'PostgreSQL', 'Kafka', 'REST', 'Elasctisearch']",,1
Lead Python Engineer,https://djinni.co/jobs/479593-lead-python-engineer/,Python,"['Python', 'Django', 'Flask', 'Aiohttp', 'FastApi']",Intermediate,5
Middle Python (Django) Engineer (Recommender),https://djinni.co/jobs/483351-middle-python-django-engineer-recommender-/,Python,,,3
Python Software Engineer (Hiring Tool),https://djinni.co/jobs/483268-python-software-engineer-hiring-tool-/,Python,,,2
Python Tech Lead (Bots Platform),https://djinni.co/jobs/483234-python-tech-lead-bots-platform-/,Python,,,5
Python Developer,https://djinni.co/jobs/483220-python-developer/,Python,"['Python', 'Django', 'Flask', 'AWS', 'Azure', 'Google Cloud Platform']",Upper-Intermediate,3
Senior Technical Animator,https://djinni.co/jobs/483174-senior-technical-animator/,Python,['Python'],Pre-Intermediate,3
Backend Developer (Python),https://djinni.co/jobs/483172-backend-developer-python-/,Python,"['Python', 'MySQL', 'Postgre SQL', 'Linux', 'Flask']",Upper-Intermediate,3
Python Developer,https://djinni.co/jobs/446587-python-developer/,Python,,Intermediate,3
"Tableau Developer  (banking)
          

          

          
  
      до $3000",https://djinni.co/jobs/483050-tableau-developer-banking-/,Python,"['Tableau', 'Python']",Intermediate,3
Senior Python Engineer,https://djinni.co/jobs/483009-senior-python-engineer/,Python,,Upper-Intermediate,3
Python Engineer,https://djinni.co/jobs/368680-python-engineer/,Python,"['Python', 'Django']",,3
Middle/Senior Python Developer,https://djinni.co/jobs/482752-middle-senior-python-developer/,Python,"['Python', 'AWS', 'Postgre SQL', 'Django']",Upper-Intermediate,3
"Python developer with data science skills
          

          

          
  
    
      $3000-5000",https://djinni.co/jobs/482729-python-developer-with-data-science-skills/,Python,"['Data Science', 'Python', 'numpy', 'Pandas', 'Git', 'GitHub', 'GitHub actions']",Upper-Intermediate,3
Full-stack Python/React.js Developer,https://djinni.co/jobs/482700-full-stack-python-react-js-developer/,Python,"['Python', 'JavaScript', 'React']",Upper-Intermediate,3
Regular Python Engineer,https://djinni.co/jobs/482682-regular-python-engineer/,Python,,Upper-Intermediate,3
Middle Python Developer,https://djinni.co/jobs/432405-middle-python-developer/,Python,,,2
